iter	AUC
0	0.6483690814
1	0.6508667972
2	0.6534139094
3	0.6543216478
4	0.6550834633
