iter	AUC
0	0.6539839198
1	0.6552871771
2	0.6572774529
3	0.6585330711
4	0.6605534286
