iter	AUC
0	0.808727421
1	0.8147362549
2	0.8167913124
3	0.8193012959
4	0.8206990542
